{
  "missing_frac_load": 0.00228310502283105,
  "missing_frac_price": 0.00022831050228310502,
  "missing_frac_solar": 0.0,
  "missing_frac_wind": 0.0,
  "n_rows": 8760.0
}