{
    "curve": {
        "0.0100": 0.01,
        "0.0300": 0.01,
        "0.0500": 0.03
    },
    "errors": {
        "0.0100": 0.0,
        "0.0300": 0.019999999999999997,
        "0.0500": 0.020000000000000004
    },
    "recovered_fraction": 1.0,
    "injectability_class": "high",
    "principal_eps_true": 0.05,
    "principal_eps_hat": 0.03,
    "principal_abs_err": 0.020000000000000004,
    "principal_passed": true
}