{
    "M0_observed_compact": {
        "model": "M0_observed_compact",
        "label": "Observed compact baseline: delta_power x rng_bit",
        "n_states": 8,
        "n_components": 2,
        "n_train": 24800,
        "n_test": 2787,
        "eps_train": 0.0,
        "eps_test": 0.0,
        "ll_train": -43265.076894407495,
        "ll_test": -4363.144883964132,
        "n_params": 57,
        "bic_train": 87106.91392794771,
        "bic_test": 9178.454866494734,
        "aic_train": 86644.15378881499,
        "aic_test": 8840.289767928263,
        "transitions_per_state": 3449.5,
        "transitions_per_observed_state": 3449.5
    },
    "M1_eeg_informational": {
        "model": "M1_eeg_informational",
        "label": "EEG informational model: delta_power x eeg_info_bin x rng_bit",
        "n_states": 18,
        "n_components": 3,
        "n_train": 24800,
        "n_test": 2787,
        "eps_train": 0.0,
        "eps_test": 0.07,
        "ll_train": -49939.74838540461,
        "ll_test": -5142.462996358707,
        "n_params": 307,
        "bic_train": 102985.9066429802,
        "bic_test": 12720.271348154372,
        "aic_train": 100493.49677080922,
        "aic_test": 10898.925992717413,
        "transitions_per_state": 1533.111111111111,
        "transitions_per_observed_state": 1533.111111111111
    },
    "M2_rng_quantum_proxy": {
        "model": "M2_rng_quantum_proxy",
        "label": "RNG quantum-aware proxy model: delta_power x q_rng_bin",
        "n_states": 9,
        "n_components": 2,
        "n_train": 24800,
        "n_test": 2787,
        "eps_train": 0.0,
        "eps_test": 0.0,
        "ll_train": -41969.22344517858,
        "ll_test": -4264.447541924433,
        "n_params": 73,
        "bic_train": 84677.10461240434,
        "bic_test": 9107.983718855048,
        "aic_train": 84084.44689035715,
        "aic_test": 8674.895083848865,
        "transitions_per_state": 3066.222222222222,
        "transitions_per_observed_state": 3066.222222222222
    },
    "M3_informational_joint": {
        "model": "M3_informational_joint",
        "label": "Informational joint model: eeg_info_bin x rng_info_bin",
        "n_states": 9,
        "n_components": 2,
        "n_train": 24800,
        "n_test": 2787,
        "eps_train": 0.01,
        "eps_test": 0.0,
        "ll_train": -30171.11521445869,
        "ll_test": -3355.141099518904,
        "n_params": 73,
        "bic_train": 61080.88815096455,
        "bic_test": 7289.37083404399,
        "aic_train": 60488.23042891738,
        "aic_test": 6856.282199037808,
        "transitions_per_state": 3066.222222222222,
        "transitions_per_observed_state": 3066.222222222222
    },
    "M4_latent_joint": {
        "model": "M4_latent_joint",
        "label": "Latent joint model: latent_state x rng_bit",
        "n_states": 6,
        "n_components": 2,
        "n_train": 24800,
        "n_test": 2787,
        "eps_train": 0.0,
        "eps_test": 0.0,
        "ll_train": -33331.66065579856,
        "ll_test": -3755.466607216679,
        "n_params": 31,
        "bic_train": 66976.99787849386,
        "bic_test": 7756.847566285299,
        "aic_train": 66725.32131159712,
        "aic_test": 7572.933214433358,
        "transitions_per_state": 4599.333333333333,
        "transitions_per_observed_state": 4599.333333333333
    },
    "M5_augmented_final": {
        "model": "M5_augmented_final",
        "label": "Augmented final model: latent_state x rng_info_bin x q_rng_bin",
        "n_states": 27,
        "n_components": 3,
        "n_train": 24800,
        "n_test": 2787,
        "eps_train": 0.0,
        "eps_test": 0.0,
        "ll_train": -48985.47321604276,
        "ll_test": -5481.927974215456,
        "n_params": 703,
        "bic_train": 105084.32148138912,
        "bic_test": 16540.55883075072,
        "aic_train": 99376.94643208552,
        "aic_test": 12369.855948430912,
        "transitions_per_state": 1022.074074074074,
        "transitions_per_observed_state": 1314.095238095238
    }
}