{
    "M0_observed_compact": {
        "model": "M0_observed_compact",
        "label": "Observed compact baseline: delta_power x rng_bit",
        "n_states": 8,
        "n_components": 2,
        "n_train": 11128,
        "n_test": 2803,
        "eps_train": 0.0,
        "eps_test": 0.0,
        "ll_train": -19887.467697461438,
        "ll_test": -4510.361631686977,
        "n_params": 57,
        "bic_train": 40306.016919738264,
        "bic_test": 9473.214659790347,
        "aic_train": 39888.935394922875,
        "aic_test": 9134.723263373953,
        "transitions_per_state": 1741.5,
        "transitions_per_observed_state": 1741.5
    },
    "M1_eeg_informational": {
        "model": "M1_eeg_informational",
        "label": "EEG informational model: delta_power x eeg_info_bin x rng_bit",
        "n_states": 18,
        "n_components": 3,
        "n_train": 11128,
        "n_test": 2803,
        "eps_train": 0.0,
        "eps_test": 0.0,
        "ll_train": -23005.834562393073,
        "ll_test": -5922.962873433846,
        "n_params": 307,
        "bic_train": 48872.05558300235,
        "bic_test": 14283.02853107528,
        "aic_train": 46625.669124786145,
        "aic_test": 12459.925746867691,
        "transitions_per_state": 774.0,
        "transitions_per_observed_state": 774.0
    },
    "M2_rng_quantum_proxy": {
        "model": "M2_rng_quantum_proxy",
        "label": "RNG quantum-aware proxy model: delta_power x q_rng_bin",
        "n_states": 9,
        "n_components": 2,
        "n_train": 11128,
        "n_test": 2803,
        "eps_train": 0.0,
        "eps_test": 0.0,
        "ll_train": -19128.64805046803,
        "ll_test": -4332.41139185814,
        "n_params": 73,
        "bic_train": 38937.453141489095,
        "bic_test": 9244.32930895131,
        "aic_train": 38403.29610093606,
        "aic_test": 8810.82278371628,
        "transitions_per_state": 1548.0,
        "transitions_per_observed_state": 1548.0
    },
    "M3_informational_joint": {
        "model": "M3_informational_joint",
        "label": "Informational joint model: eeg_info_bin x rng_info_bin",
        "n_states": 9,
        "n_components": 2,
        "n_train": 11128,
        "n_test": 2803,
        "eps_train": 0.01,
        "eps_test": 0.0,
        "ll_train": -13915.27371258744,
        "ll_test": -3987.724508792489,
        "n_params": 73,
        "bic_train": 28510.70446572792,
        "bic_test": 8554.955542820007,
        "aic_train": 27976.54742517488,
        "aic_test": 8121.449017584978,
        "transitions_per_state": 1548.0,
        "transitions_per_observed_state": 1548.0
    },
    "M4_latent_joint": {
        "model": "M4_latent_joint",
        "label": "Latent joint model: latent_state x rng_bit",
        "n_states": 6,
        "n_components": 2,
        "n_train": 11128,
        "n_test": 2803,
        "eps_train": 0.0,
        "eps_test": 0.0,
        "ll_train": -14710.223734675095,
        "ll_test": -4071.1660212273946,
        "n_params": 31,
        "bic_train": 29709.28128109189,
        "bic_test": 8388.423854540897,
        "aic_train": 29482.44746935019,
        "aic_test": 8204.33204245479,
        "transitions_per_state": 2322.0,
        "transitions_per_observed_state": 2322.0
    },
    "M5_augmented_final": {
        "model": "M5_augmented_final",
        "label": "Augmented final model: latent_state x rng_info_bin x q_rng_bin",
        "n_states": 27,
        "n_components": 3,
        "n_train": 11128,
        "n_test": 2803,
        "eps_train": 0.0,
        "eps_test": 0.0,
        "ll_train": -21695.0860554393,
        "ll_test": -5923.125753250423,
        "n_params": 703,
        "bic_train": 49940.177583601704,
        "bic_test": 17426.97872896969,
        "aic_train": 44796.1721108786,
        "aic_test": 13252.251506500847,
        "transitions_per_state": 516.0,
        "transitions_per_observed_state": 663.4285714285714
    }
}