{
    "M0_observed_compact": {
        "model": "M0_observed_compact",
        "label": "Observed compact baseline: delta_power x rng_bit",
        "n_states": 8,
        "n_components": 2,
        "n_train": 11125,
        "n_test": 2803,
        "eps_train": 0.0,
        "eps_test": 0.0,
        "ll_train": -19881.753818176945,
        "ll_test": -4510.312388500332,
        "n_params": 57,
        "bic_train": 40294.57379245485,
        "bic_test": 9473.116173417058,
        "aic_train": 39877.50763635389,
        "aic_test": 9134.624777000665,
        "transitions_per_state": 1741.5,
        "transitions_per_observed_state": 1741.5
    },
    "M1_eeg_informational": {
        "model": "M1_eeg_informational",
        "label": "EEG informational model: delta_power x eeg_info_bin x rng_bit",
        "n_states": 18,
        "n_components": 3,
        "n_train": 11125,
        "n_test": 2803,
        "eps_train": 0.0,
        "eps_test": 0.0,
        "ll_train": -22995.351459460264,
        "ll_test": -5922.838500033173,
        "n_params": 307,
        "bic_train": 48851.0066017801,
        "bic_test": 14282.779784273935,
        "aic_train": 46604.70291892053,
        "aic_test": 12459.677000066345,
        "transitions_per_state": 774.0,
        "transitions_per_observed_state": 774.0
    },
    "M2_rng_quantum_proxy": {
        "model": "M2_rng_quantum_proxy",
        "label": "RNG quantum-aware proxy model: delta_power x q_rng_bin",
        "n_states": 9,
        "n_components": 2,
        "n_train": 11125,
        "n_test": 2803,
        "eps_train": 0.0,
        "eps_test": 0.0,
        "ll_train": -19121.798744970478,
        "ll_test": -4332.259584348411,
        "n_params": 73,
        "bic_train": 38923.73484775447,
        "bic_test": 9244.025693931853,
        "aic_train": 38389.597489940956,
        "aic_test": 8810.519168696823,
        "transitions_per_state": 1548.0,
        "transitions_per_observed_state": 1548.0
    },
    "M3_informational_joint": {
        "model": "M3_informational_joint",
        "label": "Informational joint model: eeg_info_bin x rng_info_bin",
        "n_states": 9,
        "n_components": 2,
        "n_train": 11125,
        "n_test": 2803,
        "eps_train": 0.01,
        "eps_test": 0.0,
        "ll_train": -13896.806269158411,
        "ll_test": -3987.301934653649,
        "n_params": 73,
        "bic_train": 28473.749896130335,
        "bic_test": 8554.110394542327,
        "aic_train": 27939.612538316822,
        "aic_test": 8120.603869307298,
        "transitions_per_state": 1548.0,
        "transitions_per_observed_state": 1548.0
    },
    "M4_latent_joint": {
        "model": "M4_latent_joint",
        "label": "Latent joint model: latent_state x rng_bit",
        "n_states": 6,
        "n_components": 2,
        "n_train": 11125,
        "n_test": 2803,
        "eps_train": 0.0,
        "eps_test": 0.0,
        "ll_train": -14698.174576540576,
        "ll_test": -4071.0309190273547,
        "n_params": 31,
        "bic_train": 29685.174606399218,
        "bic_test": 8388.153650140817,
        "aic_train": 29458.34915308115,
        "aic_test": 8204.06183805471,
        "transitions_per_state": 2322.0,
        "transitions_per_observed_state": 2322.0
    },
    "M5_augmented_final": {
        "model": "M5_augmented_final",
        "label": "Augmented final model: latent_state x rng_info_bin x q_rng_bin",
        "n_states": 27,
        "n_components": 3,
        "n_train": 11125,
        "n_test": 2803,
        "eps_train": 0.0,
        "eps_test": 0.0,
        "ll_train": -21672.743944907088,
        "ll_test": -5922.321345265821,
        "n_params": 703,
        "bic_train": 49895.303815059386,
        "bic_test": 17425.36991300049,
        "aic_train": 44751.487889814176,
        "aic_test": 13250.642690531642,
        "transitions_per_state": 516.0,
        "transitions_per_observed_state": 663.4285714285714
    }
}